filename,gloss
0.mp4,2 часа
1.mp4,6 часов
2.mp4,7:45
3.mp4,MakDonalds
4.mp4,Борода
5.mp4,Витамин
6.mp4,Выигрыш
7.mp4,Выручить
8.mp4,Даже
9.mp4,Добро пожаловать!
10.mp4,Жарить
11.mp4,Забрать
12.mp4,Золото
13.mp4,Корона
14.mp4,Крест
15.mp4,Лицо
16.mp4,Лопата
17.mp4,Обладать
18.mp4,Память
19.mp4,Плохо
20.mp4,Подробно
21.mp4,Позвонить на сервис
22.mp4,Пока
23.mp4,Почки
24.mp4,Привет!
25.mp4,Прощание
26.mp4,Пылесос
27.mp4,Раб
28.mp4,Религия
29.mp4,Рубль
30.mp4,С днем рождения
31.mp4,Свисток
32.mp4,Смех
33.mp4,Соль
34.mp4,Сразу
35.mp4,Футбол
36.mp4,Цемент
37.mp4,Чашка
38.mp4,Чужой
39.mp4,август
40.mp4,агрессивный
41.mp4,агрессия
42.mp4,адаптивное поведение
43.mp4,адаптивность
44.mp4,адаптивный
45.mp4,аккуратный
46.mp4,активный
47.mp4,акула
48.mp4,аллергия на еду
49.mp4,аллигатор
50.mp4,амбициозный
51.mp4,аниматор
52.mp4,аппетит
53.mp4,ароматный
54.mp4,бабочка
55.mp4,банкет
56.mp4,башенные часы
57.mp4,бегемот
58.mp4,бежевый
59.mp4,без
60.mp4,безопасный
61.mp4,безразличие
62.mp4,безумно
63.mp4,белка
64.mp4,белый
65.mp4,беспокоиться
66.mp4,беспокойный
67.mp4,беспокойство
68.mp4,беспокоящий
69.mp4,билет
70.mp4,благоговение
71.mp4,благодарность
72.mp4,благополучие
73.mp4,бледный
74.mp4,близко
75.mp4,болит
76.mp4,боль
77.mp4,больше
78.mp4,большой
79.mp4,боюсь
80.mp4,бояться
81.mp4,брат
82.mp4,брюзжать
83.mp4,буду
84.mp4,будущее
85.mp4,бумага
86.mp4,бутылка
87.mp4,бы
88.mp4,бывший
89.mp4,бык
90.mp4,быстро
91.mp4,быстрый
92.mp4,быть
93.mp4,быть потрясенным
94.mp4,в восемь пятнадцать
95.mp4,в настоящее время
96.mp4,в прошлом году
97.mp4,в спешке
98.mp4,в то время как
99.mp4,в этом году
100.mp4,важный
101.mp4,вам
102.mp4,вас
103.mp4,ваш
104.mp4,вверх
105.mp4,вдохновение
106.mp4,вдохновлять
107.mp4,вежливый
108.mp4,везде
109.mp4,великий
110.mp4,верблюд
111.mp4,верить
112.mp4,верный
113.mp4,вероятно
114.mp4,верх
115.mp4,веселиться
116.mp4,веселый
117.mp4,весенняя
118.mp4,весна
119.mp4,весь
120.mp4,весёлый
121.mp4,вечер
122.mp4,вечность
123.mp4,вечный
124.mp4,вещь
125.mp4,вздрагивать
126.mp4,взять
127.mp4,видеть
128.mp4,вилка
129.mp4,вилять
130.mp4,вина
131.mp4,вкус
132.mp4,вкусный
133.mp4,влюбиться
134.mp4,влюбленный
135.mp4,вниз
136.mp4,внизу
137.mp4,внутреннее
138.mp4,вода
139.mp4,водоплавающее
140.mp4,возбуждать
141.mp4,возбуждение
142.mp4,возбужденный
143.mp4,воздух
144.mp4,возможно
145.mp4,возможный
146.mp4,возрадоваться
147.mp4,вой
148.mp4,вол
149.mp4,волк
150.mp4,вопрос
151.mp4,воротник
152.mp4,восемнадцать
153.mp4,восемь
154.mp4,восемьдесят
155.mp4,восемьсот
156.mp4,воскресенье
157.mp4,восток
158.mp4,восхищаться
159.mp4,восхищение
160.mp4,восход солнца
161.mp4,восьмой
162.mp4,враждебный
163.mp4,вред
164.mp4,вредный; озорной
165.mp4,временный
166.mp4,время
167.mp4,время 11 часов
168.mp4,время для измерений
169.mp4,время от 0 ночи до 12 дня
170.mp4,время по Гринвичу
171.mp4,все
172.mp4,всегда
173.mp4,вскружить
174.mp4,вспомнить
175.mp4,встретить
176.mp4,всё
177.mp4,вторник
178.mp4,второй
179.mp4,вчера
180.mp4,вы
181.mp4,высокий
182.mp4,высокомерный
183.mp4,выходные
184.mp4,гавканье
185.mp4,газета
186.mp4,гений
187.mp4,глаз
188.mp4,глотать
189.mp4,глотать жадно
190.mp4,глупый
191.mp4,гнев
192.mp4,гнездо
193.mp4,говорить
194.mp4,год
195.mp4,голова
196.mp4,голод
197.mp4,голодный
198.mp4,голос
199.mp4,гордость
